{
  "noise_floor": 0,
  "osc_host": "127.0.0.1",
  "pulse_decay": 0.699999988079071,
  "sample_rate": 44100,
  "spectrum_bins": 48,
  "beat_sensitivity": 1.2000000476837158,
  "window_title": "AudioAnalysisOSC",
  "smoothing": 0.6999999284744263,
  "frame_rate": 90,
  "osc_port": 16666
}